<?xml version="1.0" encoding="UTF-8"?>
<?xml-stylesheet type="text/xsl" media="screen" href="/~d/styles/rss2full.xsl"?><?xml-stylesheet type="text/css" media="screen" href="http://rss.cnn.com/~d/styles/itemcontent.css"?><rss xmlns:media="http://search.yahoo.com/mrss/" version="2.0">
<channel>
<title>CNN.com - Top Stories</title>
<link>http://edition.cnn.com/index.html?eref=edition</link>
<description>CNN.com delivers up-to-the-minute news and information on the latest top stories, weather, entertainment, politics and more.</description>
<language>en-US</language>
<copyright>Copyright 2014 Cable News Network LP, LLLP.</copyright>
<pubDate>Sat, 10 May 2014 03:29:35 EDT</pubDate>
<ttl>10</ttl>
<image>
<title>CNN.com - Top Stories</title>
<link>http://edition.cnn.com/index.html?eref=edition</link>
<url>http://i.cdn.turner.com/cnn/.e/img/1.0/logo/cnn.logo.rss.gif</url>
<width>144</width>
<height>33</height>
<description>CNN.com delivers up-to-the-minute news and information on the latest top stories, weather, entertainment, politics and more.</description>
</image>
<atom10:link xmlns:atom10="http://www.w3.org/2005/Atom" rel="self" type="application/rss+xml" href="http://rss.cnn.com/rss/edition" /><feedburner:info xmlns:feedburner="http://rssnamespace.org/feedburner/ext/1.0" uri="rss/edition" /><atom10:link xmlns:atom10="http://www.w3.org/2005/Atom" rel="hub" href="http://pubsubhubbub.appspot.com/" /><item><title>Real Madrid top football rich list</title><guid>http://edition.cnn.com/2014/05/08/sport/football/real-madrid-value-barcelona-man-utd-football/index.html</guid><link>http://edition.cnn.com/2014/05/08/sport/football/real-madrid-value-barcelona-man-utd-football/index.html?eref=edition</link><description>Real Madrid and Atletico Madrid will go head-to-head later this month to decide which football club is the finest in Europe but, when it comes to the bottom line, there is only one winner.</description><pubDate>Fri, 09 May 2014 13:30:31 EDT</pubDate></item>
<item><title>Football failing in racism strategy</title><guid>http://edition.cnn.com/2014/05/07/sport/football/john-barnes-racismm-dani-alves-banana-football/index.html</guid><link>http://edition.cnn.com/2014/05/07/sport/football/john-barnes-racismm-dani-alves-banana-football/index.html?eref=edition</link><description>"You can be as racist as you want, as long as you keep your mouth shut," says John Barnes.</description><pubDate>Fri, 09 May 2014 13:34:25 EDT</pubDate></item>
<item><title>Serena forced to withdraw in Madrid</title><guid>http://edition.cnn.com/2014/05/09/sport/tennis/williams-withdraws-madrid/index.html</guid><link>http://edition.cnn.com/2014/05/09/sport/tennis/williams-withdraws-madrid/index.html?eref=edition</link><description>Serena Williams was forced to pull out of the Madrid Open with a thigh injury ahead of her quarter final tie with Petra Kvitova Friday.</description><pubDate>Sat, 10 May 2014 03:27:12 EDT</pubDate></item>
<item><title>Kaymer holds lead at Sawgrass</title><guid>http://edition.cnn.com/2014/05/09/sport/golf/kaymer-sawgrass-second-round/index.html</guid><link>http://edition.cnn.com/2014/05/09/sport/golf/kaymer-sawgrass-second-round/index.html?eref=edition</link><description>Martin Kaymer built upon his record equaling opening round of 63 at Sawgrass Friday to head the Players Championship at the halfway stage.</description><pubDate>Sat, 10 May 2014 03:28:15 EDT</pubDate></item>
<item><title>The world's most traveled horse</title><guid>http://edition.cnn.com/2014/05/06/sport/worlds-most-traveled-horse/index.html</guid><link>http://edition.cnn.com/2014/05/06/sport/worlds-most-traveled-horse/index.html?eref=edition</link><description>The air miles don't accrue, there's no free holiday to aspire to at the end of it, and the flights are seemingly never ending.</description><pubDate>Fri, 09 May 2014 13:32:41 EDT</pubDate></item>
<item><title>What Beats by Apple would mean</title><guid>http://edition.cnn.com/2014/05/09/tech/mobile/apple-beats-sound/index.html</guid><link>http://edition.cnn.com/2014/05/09/tech/mobile/apple-beats-sound/index.html?eref=edition</link><description>It's an odd pairing, really, the gadget-obsessed tech giant from Silicon Valley teaming up with hip-hop super producer Dr. Dre and music mogul Jimmy Iovine.</description><pubDate>Sat, 10 May 2014 03:28:49 EDT</pubDate></item>
<item><title>U.S. needs to help return girls</title><guid>http://edition.cnn.com/2014/05/09/opinion/klobuchar-nigerian-girls/index.html</guid><link>http://edition.cnn.com/2014/05/09/opinion/klobuchar-nigerian-girls/index.html?eref=edition</link><description>Three weeks ago, 276 girls awoke to a nightmare. </description><pubDate>Fri, 09 May 2014 21:20:55 EDT</pubDate></item>
<item><title>Hillary Clinton's Boko Haram problem</title><guid>http://edition.cnn.com/2014/05/09/opinion/gingrich-hillary-clinton-boko-haram-terrorist/index.html</guid><link>http://edition.cnn.com/2014/05/09/opinion/gingrich-hillary-clinton-boko-haram-terrorist/index.html?eref=edition</link><description>Newt Gingrich says Clinton's leadership as secretary of state regarding the Nigerian terrorist group Boko Haram is open to question.</description><pubDate>Fri, 09 May 2014 20:13:38 EDT</pubDate></item>
<item><title>It's time to televise executions</title><guid>http://edition.cnn.com/2014/05/09/opinion/gabriel-televise-executions/index.html</guid><link>http://edition.cnn.com/2014/05/09/opinion/gabriel-televise-executions/index.html?eref=edition</link><description>'Humane' executions only put distance between the criminal and the people, trial expert says.</description><pubDate>Fri, 09 May 2014 16:55:03 EDT</pubDate></item>
<item><title>S. Sudan rivals sign cease-fire after months of mass killings</title><guid>http://edition.cnn.com/2014/05/10/world/africa/south-sudan-cease-fire-deal/index.html</guid><link>http://edition.cnn.com/2014/05/10/world/africa/south-sudan-cease-fire-deal/index.html?eref=edition</link><description>South Sudan's President has reached a cease-fire deal with a rebel leader following five months of violence in the world's youngest nation. </description><pubDate>Sat, 10 May 2014 02:13:51 EDT</pubDate></item>
<item><title>Hot air balloon catches fire; 3 missing</title><guid>http://edition.cnn.com/2014/05/10/us/virginia-hot-air-balloon-fire/index.html</guid><link>http://edition.cnn.com/2014/05/10/us/virginia-hot-air-balloon-fire/index.html?eref=edition</link><description>A hot air balloon burst into flames and crashed in Virginia on Friday night, prompting a search for the wreckage and the three people believed to be on board.</description><pubDate>Sat, 10 May 2014 02:40:52 EDT</pubDate></item>
<item><title>ANC wins South African elections</title><guid>http://edition.cnn.com/2014/05/09/world/africa/south-africa-elections/index.html</guid><link>http://edition.cnn.com/2014/05/09/world/africa/south-africa-elections/index.html?eref=edition</link><description>The African National Congress has won South Africa's general election, holding onto power despite scandals, economic woes and corruption allegations that some felt might weaken its grip.</description><pubDate>Fri, 09 May 2014 21:52:42 EDT</pubDate></item>
<item><title>S. Korean ferry toll rises to 275</title><guid>http://edition.cnn.com/2014/05/10/world/asia/south-korea-ship-sinking/index.html</guid><link>http://edition.cnn.com/2014/05/10/world/asia/south-korea-ship-sinking/index.html?eref=edition</link><description>The death toll from the South Korean ferry capsizing has gone up to 275, with dozens more still missing, the nation's officials said Saturday.</description><pubDate>Sat, 10 May 2014 02:06:25 EDT</pubDate></item>
<item><title>Putin in Crimea for Victory Day</title><guid>http://edition.cnn.com/2014/05/09/world/europe/ukraine-crisis/index.html</guid><link>http://edition.cnn.com/2014/05/09/world/europe/ukraine-crisis/index.html?eref=edition</link><description>Violent clashes break out in Ukraine's flashpoint city of Mariupol where CNN's Nick Paton Walsh says there are reports of an ongoing battle for a police station.</description><pubDate>Fri, 09 May 2014 23:17:48 EDT</pubDate></item>
<item><title>Battle for police station</title><guid>http://edition.cnn.com/video/data/2.0/video/world/2014/05/09/idesk-walsh-battle-for-ukraine.cnn.html</guid><link>http://edition.cnn.com/video/data/2.0/video/world/2014/05/09/idesk-walsh-battle-for-ukraine.cnn.html?eref=edition</link><description>Nick Paton Walsh reports on deadly clashes between pro-Russian militants and government forces in Mariupol, Ukraine.</description><pubDate>Fri, 09 May 2014 22:32:34 EDT</pubDate></item>
<item><title>Russian military pride on display</title><guid>http://edition.cnn.com/video/data/2.0/video/world/2014/05/10/nr-pkg-chance-russia-victory-day.cnn.html</guid><link>http://edition.cnn.com/video/data/2.0/video/world/2014/05/10/nr-pkg-chance-russia-victory-day.cnn.html?eref=edition</link><description>CNN's Matthew Chance reports on the military show of force in Russia on Victory Day as tensions with Ukraine continue.</description><pubDate>Fri, 09 May 2014 23:16:27 EDT</pubDate></item>
<item><title>AQ-linked militants killed in Yemen</title><guid>http://edition.cnn.com/2014/05/09/world/meast/yemen-violence/index.html</guid><link>http://edition.cnn.com/2014/05/09/world/meast/yemen-violence/index.html?eref=edition</link><description>Eleven "al Qaeda terrorists" were killed by Yemeni security forces Friday, two Yemeni Defense Ministry officials told CNN.</description><pubDate>Fri, 09 May 2014 14:23:18 EDT</pubDate></item>
<item><title>Ukraine crisis gives Eurovision edge</title><guid>http://edition.cnn.com/2014/05/09/showbiz/eurovision-showdown-ukraine-and-russia-face-the-music/index.html</guid><link>http://edition.cnn.com/2014/05/09/showbiz/eurovision-showdown-ukraine-and-russia-face-the-music/index.html?eref=edition</link><description>Why Europe's annual singalong has an extra political edge.</description><pubDate>Sat, 10 May 2014 03:03:17 EDT</pubDate></item>
<item><title>Fatal quake hits Pakistan</title><guid>http://edition.cnn.com/2014/05/09/world/asia/pakistan-earthquakes/index.html</guid><link>http://edition.cnn.com/2014/05/09/world/asia/pakistan-earthquakes/index.html?eref=edition</link><description>At least two people were killed and more than 40 others were injured in a series of relatively minor earthquakes in southern Pakistan early Friday, the country's state-run news agency reported.</description><pubDate>Fri, 09 May 2014 21:41:50 EDT</pubDate></item>
<item><title>Raids target Venezuela protesters</title><guid>http://edition.cnn.com/2014/05/09/world/americas/venezuela-unrest/index.html</guid><link>http://edition.cnn.com/2014/05/09/world/americas/venezuela-unrest/index.html?eref=edition</link><description>The Venezuelan government detained 243 protesters in a swift, predawn operation targeting four campsites set up at public squares around Caracas, the capital. </description><pubDate>Fri, 09 May 2014 21:41:55 EDT</pubDate></item>
<item><title>Demonstrators face crackdown</title><guid>http://edition.cnn.com/video/data/2.0/video/world/2014/05/09/nr-pkg-romo-protester-crackdown-in-venezuela.cnn.html</guid><link>http://edition.cnn.com/video/data/2.0/video/world/2014/05/09/nr-pkg-romo-protester-crackdown-in-venezuela.cnn.html?eref=edition</link><description>CNN's Rafael Romo reports on the swift operation cracking down on demonstrators in Venezuela by the government.</description><pubDate>Sat, 10 May 2014 00:15:29 EDT</pubDate></item>
<item><title>Singer Chris Brown jailed</title><guid>http://edition.cnn.com/2014/05/09/showbiz/chris-brown-jail/index.html</guid><link>http://edition.cnn.com/2014/05/09/showbiz/chris-brown-jail/index.html?eref=edition</link><description>Singer Chris Brown on Friday admitted to violating his probation and was ordered by a judge to serve one year in jail. </description><pubDate>Fri, 09 May 2014 21:41:59 EDT</pubDate></item>
<item><title>Mother shot in CAR violence</title><guid>http://edition.cnn.com/2014/05/08/world/africa/central-african-republic-convoy/index.html</guid><link>http://edition.cnn.com/2014/05/08/world/africa/central-african-republic-convoy/index.html?eref=edition</link><description>Moments after breastfeeding her baby, Didiatou Hassam was shot in the head.</description><pubDate>Fri, 09 May 2014 22:41:36 EDT</pubDate></item>
<item><title>Race rant CEO offers explanation</title><guid>http://edition.cnn.com/2014/05/09/us/nba-donald-sterling-audio-recording/index.html</guid><link>http://edition.cnn.com/2014/05/09/us/nba-donald-sterling-audio-recording/index.html?eref=edition</link><description>In a yet another audio recording, Los Angeles Clippers owner Donald Sterling purportedly explains why he infamously told a woman not to bring black people to his games: He was jealous that she was with black men.</description><pubDate>Fri, 09 May 2014 21:42:06 EDT</pubDate></item>
<item><title>Crack epidemic haunts Brazil</title><guid>http://edition.cnn.com/2014/05/09/world/americas/brazil-crack-cocaine-world-cup/index.html</guid><link>http://edition.cnn.com/2014/05/09/world/americas/brazil-crack-cocaine-world-cup/index.html?eref=edition</link><description>Addicts smoke in open air crack dens on streets that soon will be full of World Cup fans.</description><pubDate>Fri, 09 May 2014 15:17:56 EDT</pubDate></item>
<item><title>Pistorius defense disputes evidence</title><guid>http://edition.cnn.com/2014/05/09/world/africa/oscar-pistorius-trial/index.html</guid><link>http://edition.cnn.com/2014/05/09/world/africa/oscar-pistorius-trial/index.html?eref=edition</link><description>One of the most respected ballistics experts in South Africa disputed key elements of the prosecution case against Oscar Pistorius Friday, saying that the girlfriend he killed last year did not appear to have been in a defensive position when he shot her.</description><pubDate>Fri, 09 May 2014 14:04:07 EDT</pubDate></item>
<item><title>Drones are N. Korean, South says</title><guid>http://edition.cnn.com/2014/05/09/world/asia/koreas-drones/index.html</guid><link>http://edition.cnn.com/2014/05/09/world/asia/koreas-drones/index.html?eref=edition</link><description>Call them drones; call them toy airplanes with digital cameras shoved into their entrails. </description><pubDate>Fri, 09 May 2014 19:14:14 EDT</pubDate></item>
<item><title>Berlusconi starts community service</title><guid>http://edition.cnn.com/2014/05/09/world/europe/italy-silvio-berlusconi/index.html</guid><link>http://edition.cnn.com/2014/05/09/world/europe/italy-silvio-berlusconi/index.html?eref=edition</link><description>Former Italian Prime Minister Silvio Berlusconi began a year of community service for his conviction on tax fraud charges on Friday when he showed up at a senior center near his hometown, Milan.</description><pubDate>Fri, 09 May 2014 06:33:02 EDT</pubDate></item>
<item><title>Cargo door alert on Singapore A380</title><guid>http://edition.cnn.com/2014/05/09/world/asia/singapore-airlines-flight-cargo-door/index.html</guid><link>http://edition.cnn.com/2014/05/09/world/asia/singapore-airlines-flight-cargo-door/index.html?eref=edition</link><description>A Singapore Airlines flight to Hong Kong had to turn back in mid-flight Friday after the pilots received an alert about a problem with a cargo door on the plane, the company said.</description><pubDate>Fri, 09 May 2014 06:06:21 EDT</pubDate></item>
<item><title>Rooney's widow contests will</title><guid>http://edition.cnn.com/2014/05/08/showbiz/mickey-rooney-will/index.html</guid><link>http://edition.cnn.com/2014/05/08/showbiz/mickey-rooney-will/index.html?eref=edition</link><description>Mickey Rooney's widow has filed a challenge against the validity of the will the legendary actor signed just weeks before his death at 93, her lawyer said.</description><pubDate>Fri, 09 May 2014 22:35:11 EDT</pubDate></item>
<item><title>Amnesty: Nigeria 'warned of raid'</title><guid>http://edition.cnn.com/2014/05/09/world/africa/nigeria-abducted-girls/index.html</guid><link>http://edition.cnn.com/2014/05/09/world/africa/nigeria-abducted-girls/index.html?eref=edition</link><description>Amnesty International accuses Nigerian military commanders of knowing Boko Haram was heading to a school at least four hours before abductions; Nigeria denies the claim.</description><pubDate>Sat, 10 May 2014 02:11:56 EDT</pubDate></item>
<item><title>Minister: Nigeria isn't on trial</title><guid>http://edition.cnn.com/video/data/2.0/video/world/2014/05/09/nc-nigeria-minister-of-information-dismisses-amnesty-report.cnn.html</guid><link>http://edition.cnn.com/video/data/2.0/video/world/2014/05/09/nc-nigeria-minister-of-information-dismisses-amnesty-report.cnn.html?eref=edition</link><description>Isha Sesay talks to Nigeria's Minister of Information about the reported slow government response to the kidnapping.</description><pubDate>Fri, 09 May 2014 22:26:15 EDT</pubDate></item>
<item><title>Escaped girls describe trauma</title><guid>http://edition.cnn.com/video/data/2.0/video/world/2014/05/09/id-pkg-duthiers-nigeria-girls-escaped.cnn.html</guid><link>http://edition.cnn.com/video/data/2.0/video/world/2014/05/09/id-pkg-duthiers-nigeria-girls-escaped.cnn.html?eref=edition</link><description>Pledges of help are doing little to comfort the parents of nearly 300 Nigerian girls kidnapped by Boko Haram.</description><pubDate>Fri, 09 May 2014 12:24:36 EDT</pubDate></item>
<item><title>What you need to know </title><guid>http://edition.cnn.com/2014/05/09/world/africa/nigeria-abducted-girls-questions/index.html</guid><link>http://edition.cnn.com/2014/05/09/world/africa/nigeria-abducted-girls-questions/index.html?eref=edition</link><description>It's been more than three weeks since militants from the dreaded Boko Haram terrorist group dragged 276 girls out of their beds at a boarding school in northern Nigeria, and still no one knows where the girls are. International assistance has begun to flow into Nigeria, whose president has vowed to end the terror threat plaguing his country.</description><pubDate>Fri, 09 May 2014 22:26:21 EDT</pubDate></item>
<item><title>Girls likely taken across border</title><guid>http://edition.cnn.com/2014/05/08/world/africa/nigeria-abducted-girls/index.html</guid><link>http://edition.cnn.com/2014/05/08/world/africa/nigeria-abducted-girls/index.html?eref=edition</link><description>Nigeria's president vows that audacious kidnapping will be Boko Haram's undoing, but admits that girls have likely been scattered and moved out of the country.</description><pubDate>Fri, 09 May 2014 01:15:21 EDT</pubDate></item>
<item><title>Stars join global campaign</title><guid>http://edition.cnn.com/2014/05/08/world/gallery/bring-back-our-girls-movement/index.html</guid><link>http://edition.cnn.com/2014/05/08/world/gallery/bring-back-our-girls-movement/index.html?eref=edition</link><description /><pubDate>Fri, 09 May 2014 11:21:53 EDT</pubDate></item>
<item><title>Rare fish washes ashore</title><guid>http://edition.cnn.com/video/data/2.0/video/us/2014/05/01/wtnh-pkg-sturgeon-washes-ashore.wtnh.html</guid><link>http://edition.cnn.com/video/data/2.0/video/us/2014/05/01/wtnh-pkg-sturgeon-washes-ashore.wtnh.html?eref=edition</link><description>A rare sturgeon washed ashore in Lyme, Connecticut. WTNH's Tina Detelj reports.</description><pubDate>Tue, 06 May 2014 12:07:32 EDT</pubDate></item>
<item><title>Knox: I can prove my innocence</title><guid>http://edition.cnn.com/video/data/2.0/video/us/2014/05/01/amanda-knox-chris-cuomo-new-day-interview.cnn.html</guid><link>http://edition.cnn.com/video/data/2.0/video/us/2014/05/01/amanda-knox-chris-cuomo-new-day-interview.cnn.html?eref=edition</link><description>CNN's Chris Cuomo sat down for an exclusive interview with Amanda Knox. </description><pubDate>Tue, 06 May 2014 11:56:57 EDT</pubDate></item>
<item><title>Adams: I reject allegations</title><guid>http://edition.cnn.com/video/data/2.0/video/world/2014/05/05/amanpour-gerry-adams-intv.cnn.html</guid><link>http://edition.cnn.com/video/data/2.0/video/world/2014/05/05/amanpour-gerry-adams-intv.cnn.html?eref=edition</link><description>Christiane Amanpour speaks to Sinn Fein Pres. Gerry Adams who insists he had no connection with Jean McConville's death.</description><pubDate>Tue, 06 May 2014 12:04:14 EDT</pubDate></item>
<item><title>Pistorius: Murder or mistake?</title><guid>http://edition.cnn.com/video/data/2.0/video/international/2014/04/07/pistorius-trial-steenkamp-explainer-greene.cnn.html</guid><link>http://edition.cnn.com/video/data/2.0/video/international/2014/04/07/pistorius-trial-steenkamp-explainer-greene.cnn.html?eref=edition</link><description>As the Paralympian takes the stand in the Reeva Steenkamp murder trial, CNN's Richard Greene looks back at the key points made by the prosecution.</description><pubDate>Tue, 06 May 2014 11:57:50 EDT</pubDate></item>
<item><title>Neymar on Santos transfer</title><guid>http://edition.cnn.com/video/data/2.0/video/sports/2014/05/01/intv-davies-neymar-part1.cnn.html</guid><link>http://edition.cnn.com/video/data/2.0/video/sports/2014/05/01/intv-davies-neymar-part1.cnn.html?eref=edition</link><description>Amanda Davies talks with Brazilian superstar Neymar about his transfer from Barcelona to Santos and World Cup protests.</description><pubDate>Tue, 06 May 2014 12:00:06 EDT</pubDate></item>
<item><title>Voices from Ukraine</title><guid>http://edition.cnn.com/video/data/2.0/video/world/2014/05/02/pkg-ukraine-voices-russia-protests.cnn.html</guid><link>http://edition.cnn.com/video/data/2.0/video/world/2014/05/02/pkg-ukraine-voices-russia-protests.cnn.html?eref=edition</link><description>As militant forces take over government buildings in eastern Ukraine, Pro-Russian and Pro-Ukrainian protesters are on conflicting sides.</description><pubDate>Tue, 06 May 2014 11:59:18 EDT</pubDate></item>
<item><title>V-Day</title><guid>http://edition.cnn.com/2013/05/01/world/defining-moments/index.html</guid><link>http://edition.cnn.com/2013/05/01/world/defining-moments/index.html?eref=edition</link><description /><pubDate>Fri, 09 May 2014 10:13:36 EDT</pubDate></item>
<item><title>Ukraine and Russia face off at Eurovision</title><guid>http://edition.cnn.com/video/data/2.0/video/international/2014/05/07/pkg-eurovision-ukraine-russia-wiwibloggs.cnn.html</guid><link>http://edition.cnn.com/video/data/2.0/video/international/2014/05/07/pkg-eurovision-ukraine-russia-wiwibloggs.cnn.html?eref=edition</link><description>Eurovision expert William Lee Adams explains how political tensions between the two countries could spill into the contest.</description><pubDate>Fri, 09 May 2014 12:46:37 EDT</pubDate></item>
<item><title>Escaped girls describe kidnapping</title><guid>http://edition.cnn.com/video/data/2.0/video/world/2014/05/09/id-pkg-duthiers-nigeria-girls-escaped.cnn.html</guid><link>http://edition.cnn.com/video/data/2.0/video/world/2014/05/09/id-pkg-duthiers-nigeria-girls-escaped.cnn.html?eref=edition</link><description>Pledges of help are doing little to comfort the parents of nearly 300 Nigerian girls kidnapped by Boko Haram.</description><pubDate>Fri, 09 May 2014 12:48:26 EDT</pubDate></item>
<item><title>Does papyrus say Jesus had a wife? </title><guid>http://edition.cnn.com/video/data/2.0/video/world/2014/05/06/newday-jesus-wife-papyrus.cnn-ap.html</guid><link>http://edition.cnn.com/video/data/2.0/video/world/2014/05/06/newday-jesus-wife-papyrus.cnn-ap.html?eref=edition</link><description>A newly-discovered relic suggests that Jesus had a wife. Fordham University Professor Michael Peppard weighs in.</description><pubDate>Fri, 09 May 2014 12:47:11 EDT</pubDate></item>
<item><title>Pro-Russian militants plan to defy Putin</title><guid>http://edition.cnn.com/video/data/2.0/video/world/2014/05/08/pkg-paton-walsh-ukraine-referendum-vote.cnn.html</guid><link>http://edition.cnn.com/video/data/2.0/video/world/2014/05/08/pkg-paton-walsh-ukraine-referendum-vote.cnn.html?eref=edition</link><description>Despite Putin's wishes, pro-Russian militants say they'll continue with their referendum vote. Nick Paton Walsh reports.</description><pubDate>Fri, 09 May 2014 12:47:33 EDT</pubDate></item>
<item><title>Escaped girls describe kidnapping</title><guid>http://edition.cnn.com/video/data/2.0/video/world/2014/05/09/id-pkg-duthiers-nigeria-girls-escaped.cnn.html</guid><link>http://edition.cnn.com/video/data/2.0/video/world/2014/05/09/id-pkg-duthiers-nigeria-girls-escaped.cnn.html?eref=edition</link><description>Pledges of help are doing little to comfort the parents of nearly 300 Nigerian girls kidnapped by Boko Haram.</description><pubDate>Fri, 09 May 2014 12:48:26 EDT</pubDate></item>
<item><title>A look at the rare megamouth shark</title><guid>http://edition.cnn.com/video/data/2.0/video/world/2014/05/08/vo-japan-megamouth-shark.cnn.html</guid><link>http://edition.cnn.com/video/data/2.0/video/world/2014/05/08/vo-japan-megamouth-shark.cnn.html?eref=edition</link><description>A museum in Japan is putting a rare megamouth shark on display. </description><pubDate>Fri, 09 May 2014 23:27:37 EDT</pubDate></item>
<item><title>Sole survivor of massacre speaks</title><guid>http://edition.cnn.com/2014/05/09/us/boko-haram-church-massacre-survivor/index.html</guid><link>http://edition.cnn.com/2014/05/09/us/boko-haram-church-massacre-survivor/index.html?eref=edition</link><description>Ikenna Nzeribe was shot in the face during a Boko Haram attack on his church.</description><pubDate>Sat, 10 May 2014 04:01:37 EDT</pubDate></item>
<item><title>Father: Nothing has been done</title><guid>http://edition.cnn.com/video/data/2.0/video/world/2014/05/09/nc-intv-sesay-father-speaks-out-on-kidnapped-girls.cnn.html</guid><link>http://edition.cnn.com/video/data/2.0/video/world/2014/05/09/nc-intv-sesay-father-speaks-out-on-kidnapped-girls.cnn.html?eref=edition</link><description>The heartbroken father of two girls kidnapped by Boko Haram talks to CNN's Isha Sesay.</description><pubDate>Fri, 09 May 2014 22:23:05 EDT</pubDate></item>
<item><title>Q&amp;A: Abducted girl crisis</title><guid>http://edition.cnn.com/2014/05/09/world/africa/nigeria-abducted-girls-questions/index.html</guid><link>http://edition.cnn.com/2014/05/09/world/africa/nigeria-abducted-girls-questions/index.html?eref=edition</link><description>It's been more than three weeks since militants from the dreaded Boko Haram terrorist group dragged 276 girls out of their beds at a boarding school in northern Nigeria, and still no one knows where the girls are. International assistance has begun to flow into Nigeria, whose president has vowed to end the terror threat plaguing his country.</description><pubDate>Sat, 10 May 2014 00:26:36 EDT</pubDate></item>
<item><title>Get education out of cross hairs</title><guid>http://edition.cnn.com/2014/05/09/opinion/lemmon-education-nigeria/index.html</guid><link>http://edition.cnn.com/2014/05/09/opinion/lemmon-education-nigeria/index.html?eref=edition</link><description>The kidnapping of girls isn't new -- just the outrage over it. Will the world act?</description><pubDate>Sat, 10 May 2014 03:58:36 EDT</pubDate></item>
<item><title>Nnaji on abductions</title><guid>http://edition.cnn.com/video/data/2.0/video/world/2014/05/09/nr-intv-foster-and-genevieve-nnaji-nigeria-girls-kidnapped.cnn.html</guid><link>http://edition.cnn.com/video/data/2.0/video/world/2014/05/09/nr-intv-foster-and-genevieve-nnaji-nigeria-girls-kidnapped.cnn.html?eref=edition</link><description>CNN's Max Foster talks to the "Julia Roberts of Nigeria," about the government's response to the kidnapped schoolgirls.</description><pubDate>Fri, 09 May 2014 22:29:11 EDT</pubDate></item>
<item><title>Ukraine crisis gives Eurovision an edge</title><guid>http://edition.cnn.com/2014/05/09/showbiz/eurovision-showdown-ukraine-and-russia-face-the-music/index.html</guid><link>http://edition.cnn.com/2014/05/09/showbiz/eurovision-showdown-ukraine-and-russia-face-the-music/index.html?eref=edition</link><description>Why Europe's annual singalong has an extra political edge.</description><pubDate>Fri, 09 May 2014 23:12:19 EDT</pubDate></item>
<item><title>China, Vietnam, Philippines collide</title><guid>http://edition.cnn.com/2014/05/08/world/asia/south-china-sea-drilling/index.html</guid><link>http://edition.cnn.com/2014/05/08/world/asia/south-china-sea-drilling/index.html?eref=edition</link><description>Border disputes across the South China Sea stir tensions.</description><pubDate>Fri, 09 May 2014 04:18:30 EDT</pubDate></item>
<item><title>The most popular baby names are ...</title><guid>http://edition.cnn.com/2014/05/09/living/popular-baby-names-2013-parents/index.html</guid><link>http://edition.cnn.com/2014/05/09/living/popular-baby-names-2013-parents/index.html?eref=edition</link><description>Michael and Jacob, your reign has ended. </description><pubDate>Fri, 09 May 2014 14:27:25 EDT</pubDate></item>
<item><title>Hunting down 'fiery serpent' disease</title><guid>http://edition.cnn.com/2014/05/09/health/hunting-fiery-serpent-guinea-worm/index.html</guid><link>http://edition.cnn.com/2014/05/09/health/hunting-fiery-serpent-guinea-worm/index.html?eref=edition</link><description>The larvae grow inside you, then burst out of your leg. But Guinea worm is being beaten.</description><pubDate>Fri, 09 May 2014 13:41:21 EDT</pubDate></item>
<item><title>China, Vietnam, Philippines collide</title><guid>http://edition.cnn.com/2014/05/08/world/asia/south-china-sea-drilling/index.html</guid><link>http://edition.cnn.com/2014/05/08/world/asia/south-china-sea-drilling/index.html?eref=edition</link><description>Border disputes across the South China Sea stir tensions.</description><pubDate>Fri, 09 May 2014 04:18:30 EDT</pubDate></item>
<item><title>The most popular baby names are ...</title><guid>http://edition.cnn.com/2014/05/09/living/popular-baby-names-2013-parents/index.html</guid><link>http://edition.cnn.com/2014/05/09/living/popular-baby-names-2013-parents/index.html?eref=edition</link><description>Michael and Jacob, your reign has ended. </description><pubDate>Fri, 09 May 2014 14:27:25 EDT</pubDate></item>
<item><title>Meet China's military monkey recruits</title><guid>http://edition.cnn.com/2014/05/08/world/asia/china-pla-monkeys/index.html</guid><link>http://edition.cnn.com/2014/05/08/world/asia/china-pla-monkeys/index.html?eref=edition</link><description>The People's Liberation Army Air Force has a new secret weapon.</description><pubDate>Fri, 09 May 2014 08:25:33 EDT</pubDate></item>
<item><title>Would you pay to launch this airline?</title><guid>http://edition.cnn.com/2014/05/07/travel/odyssey-airline-london-nyc-airports/index.html</guid><link>http://edition.cnn.com/2014/05/07/travel/odyssey-airline-london-nyc-airports/index.html?eref=edition</link><description>You've finished your business in London and want to head directly home to New York. </description><pubDate>Fri, 09 May 2014 04:20:33 EDT</pubDate></item>
<item><title>Thanks for being my 'other mom'</title><guid>http://edition.cnn.com/2014/05/09/living/dear-stranger-thank-you-mother/index.html</guid><link>http://edition.cnn.com/2014/05/09/living/dear-stranger-thank-you-mother/index.html?eref=edition</link><description>CNN celebrates women who have loved and nurtured children who were not biologically their own.</description><pubDate>Fri, 09 May 2014 22:25:51 EDT</pubDate></item>
<item><title>New life engineered with artificial DNA</title><guid>http://edition.cnn.com/2014/05/09/health/artificial-dna-life/index.html</guid><link>http://edition.cnn.com/2014/05/09/health/artificial-dna-life/index.html?eref=edition</link><description>Scientists have shown it is possible to alter DNA's alphabet and still have a living organism that passes on the genetic information.</description><pubDate>Fri, 09 May 2014 11:32:12 EDT</pubDate></item>
<item><title>Want to change Africa? Let's do it!</title><guid>http://edition.cnn.com/2014/05/09/world/africa/want-to-change-africa-lets-do-it/index.html</guid><link>http://edition.cnn.com/2014/05/09/world/africa/want-to-change-africa-lets-do-it/index.html?eref=edition</link><description>As Tanzania's "broker of ideas," social activist Rakesh Rajani has dedicated his life to helping people in East Africa reach their potential. He says the secret to prosperity is to make citizens part of the solution and work from the ground up.</description><pubDate>Fri, 09 May 2014 08:00:59 EDT</pubDate></item>
<item><title>Football's Monopoly game -- fair or farce?</title><guid>http://edition.cnn.com/2014/05/09/sport/football/football-financial-fair-play/index.html</guid><link>http://edition.cnn.com/2014/05/09/sport/football/football-financial-fair-play/index.html?eref=edition</link><description>Three small letters striking like a dagger to the heart of football's richest football clubs.</description><pubDate>Fri, 09 May 2014 10:16:53 EDT</pubDate></item>
<item><title>How our universe grew up</title><guid>http://edition.cnn.com/2014/05/08/tech/innovation/universe-simulation/index.html</guid><link>http://edition.cnn.com/2014/05/08/tech/innovation/universe-simulation/index.html?eref=edition</link><description>Scientists are using computer algorithms to come up with a detailed representation of how our universe evolved. </description><pubDate>Thu, 08 May 2014 17:53:01 EDT</pubDate></item>
<item><title>Has U.S. learned from 'War on Terror'?</title><guid>http://edition.cnn.com/2014/05/08/opinion/nigeria-boko-haram-richard-dowden/index.html</guid><link>http://edition.cnn.com/2014/05/08/opinion/nigeria-boko-haram-richard-dowden/index.html?eref=edition</link><description>How can U.S. ensure Nigeria is not left like Iraq and Afghanistan?</description><pubDate>Fri, 09 May 2014 07:43:12 EDT</pubDate></item>
<item><title>Bring on the dancing horses?</title><guid>http://edition.cnn.com/2014/05/06/sport/ballet-dressage-dancing-horse/index.html</guid><link>http://edition.cnn.com/2014/05/06/sport/ballet-dressage-dancing-horse/index.html?eref=edition</link><description>While most people can appreciate the grace and athleticism of ballet, dressage -- the precision art of horse riding and training -- remains a puzzling spectacle to all but a few. </description><pubDate>Fri, 09 May 2014 07:39:33 EDT</pubDate></item>
<item><title>Why U.S. suburban dream went global</title><guid>http://edition.cnn.com/2014/05/09/business/gallery/suburbia-gone-wild-mcmansions/index.html</guid><link>http://edition.cnn.com/2014/05/09/business/gallery/suburbia-gone-wild-mcmansions/index.html?eref=edition</link><description>Ubiquitous U.S. suburban home spreads around globe. </description><pubDate>Fri, 09 May 2014 07:22:16 EDT</pubDate></item>
<item><title>Nintendo defends 'anti-gay' game</title><guid>http://edition.cnn.com/video/data/2.0/video/business/2014/05/08/qmb-nintendo-anti-gay-game-tye-marini-intv.cnn.html</guid><link>http://edition.cnn.com/video/data/2.0/video/business/2014/05/08/qmb-nintendo-anti-gay-game-tye-marini-intv.cnn.html?eref=edition</link><description>CNN talks to the "Miiquality" Campaign's Tye Marini about why he wants same-sex marriage in a virtual reality game.</description><pubDate>Fri, 09 May 2014 05:05:09 EDT</pubDate></item>
<item><title>Soccer spending: Fair as Monopoly?</title><guid>http://edition.cnn.com/video/data/2.0/video/sports/2014/05/08/thomas-uefa-pkg-financial-fair-play.cnn.html</guid><link>http://edition.cnn.com/video/data/2.0/video/sports/2014/05/08/thomas-uefa-pkg-financial-fair-play.cnn.html?eref=edition</link><description>CNN's Alex Thomas explains the UEFA rules on financial fair play and how that impacts club spending.</description><pubDate>Fri, 09 May 2014 05:39:25 EDT</pubDate></item>
<item><title>Asia's best beer bars: 10 top pours</title><guid>http://edition.cnn.com/2014/05/08/travel/asia-best-beer-bars/index.html</guid><link>http://edition.cnn.com/2014/05/08/travel/asia-best-beer-bars/index.html?eref=edition</link><description>The craft beer revolution is dead. Microbrews are no longer a trend. </description><pubDate>Fri, 09 May 2014 05:23:02 EDT</pubDate></item>
<item><title>Jennifer Lawrence: Why I keep tripping</title><guid>http://edition.cnn.com/2014/05/08/showbiz/celebrity-news-gossip/jennifer-lawrence-marie-claire/index.html</guid><link>http://edition.cnn.com/2014/05/08/showbiz/celebrity-news-gossip/jennifer-lawrence-marie-claire/index.html?eref=edition</link><description>Jennifer Lawrence explains why she keeps tripping up at the Oscars.</description><pubDate>Fri, 09 May 2014 07:13:16 EDT</pubDate></item>
<item><title>20 most polluted cities in the world</title><guid>http://edition.cnn.com/2014/05/08/world/asia/india-pollution-who/index.html</guid><link>http://edition.cnn.com/2014/05/08/world/asia/india-pollution-who/index.html?eref=edition</link><description>Air quality in most cities that monitor their pollution levels exceed what the World Health Organization deems as safe. </description><pubDate>Thu, 08 May 2014 06:17:58 EDT</pubDate></item>
<item><title>'Two more Chinas' by the year 2050</title><guid>http://edition.cnn.com/2014/05/08/opinion/safina-unlimited-growth/index.html</guid><link>http://edition.cnn.com/2014/05/08/opinion/safina-unlimited-growth/index.html?eref=edition</link><description>Carl Safina says contrary to what the "Growthers" think, it's a finite world, and the way to fight hunger and conflict and stop the extinction of animals is to rein in the world's growing population.</description><pubDate>Thu, 08 May 2014 13:30:52 EDT</pubDate></item>
<item><title>Check out this rare megamouth shark</title><guid>http://edition.cnn.com/video/data/2.0/video/world/2014/05/08/vo-japan-megamouth-shark.cnn.html</guid><link>http://edition.cnn.com/video/data/2.0/video/world/2014/05/08/vo-japan-megamouth-shark.cnn.html?eref=edition</link><description>A museum in Japan is putting a rare megamouth shark on display. </description><pubDate>Thu, 08 May 2014 20:42:48 EDT</pubDate></item>
<item><title>See solar explosion caught on camera</title><guid>http://edition.cnn.com/video/data/2.0/video/world/2014/05/07/nr-vo-myers-solar-explosion.cnn.html</guid><link>http://edition.cnn.com/video/data/2.0/video/world/2014/05/07/nr-vo-myers-solar-explosion.cnn.html?eref=edition</link><description>Meteorologist Chad Myers details what a solar explosion is after NASA released images of one caught on their cameras.</description><pubDate>Thu, 08 May 2014 16:19:31 EDT</pubDate></item>
<item><title>6 takeaways from Lewinsky essay</title><guid>http://edition.cnn.com/2014/05/08/politics/monica-lewinsky-vanity-fair-piece/index.html</guid><link>http://edition.cnn.com/2014/05/08/politics/monica-lewinsky-vanity-fair-piece/index.html?eref=edition</link><description>The intern whose affair nearly brought down Bill Clinton's presidency tells all in Vanity Fair.</description><pubDate>Thu, 08 May 2014 08:44:45 EDT</pubDate></item>
<item><title>Australia shark cull stirs controversy</title><guid>http://edition.cnn.com/2014/05/08/world/asia/australia-shark-cull/index.html</guid><link>http://edition.cnn.com/2014/05/08/world/asia/australia-shark-cull/index.html?eref=edition</link><description>Shark mitigation program sees dozens of large sharks killed -- but are they the right ones?</description><pubDate>Thu, 08 May 2014 05:55:57 EDT</pubDate></item>
<item><title>Soccer's 10 most valuable teams</title><guid>http://edition.cnn.com/2014/05/08/sport/football/real-madrid-value-barcelona-man-utd-football/index.html</guid><link>http://edition.cnn.com/2014/05/08/sport/football/real-madrid-value-barcelona-man-utd-football/index.html?eref=edition</link><description>Titles are up for grabs across Europe -- but who's the financial winner?</description><pubDate>Thu, 08 May 2014 14:56:17 EDT</pubDate></item>
<item><title>Banksy blessing for boys' art find</title><guid>http://edition.cnn.com/2014/05/08/business/uk-banksy-art-confirmed/index.html</guid><link>http://edition.cnn.com/2014/05/08/business/uk-banksy-art-confirmed/index.html?eref=edition</link><description>A struggling English youth club could have its fortunes turned around, thanks to a rather unusual gift.</description><pubDate>Thu, 08 May 2014 15:52:05 EDT</pubDate></item>
<item><title>Liberia: Don't believe what Google says</title><guid>http://edition.cnn.com/2014/05/08/world/africa/liberia-comes-alive-in-gifs/index.html</guid><link>http://edition.cnn.com/2014/05/08/world/africa/liberia-comes-alive-in-gifs/index.html?eref=edition</link><description>Unhappy with Liberia's image on the Internet, a photographer decided to present his own view, using GIFs.</description><pubDate>Thu, 08 May 2014 07:31:46 EDT</pubDate></item>
<item><title>What are the real reasons we yawn?</title><guid>http://edition.cnn.com/2014/05/08/health/time-yawn-brain-hot/index.html</guid><link>http://edition.cnn.com/2014/05/08/health/time-yawn-brain-hot/index.html?eref=edition</link><description>A new study suggests that you may not really be yawning because it's contagious, or you're bored or tired.</description><pubDate>Fri, 09 May 2014 07:09:45 EDT</pubDate></item>
<item><title>It holds how many million songs?</title><guid>http://edition.cnn.com/2014/05/08/tech/innovation/data-storage-cassette-tape-sony/index.html</guid><link>http://edition.cnn.com/2014/05/08/tech/innovation/data-storage-cassette-tape-sony/index.html?eref=edition</link><description>Forget the cloud, and rework your mental image of those mysterious data centers. Sony has reinvented a tool for storing a mind-numbing amount of data:</description><pubDate>Thu, 08 May 2014 11:22:15 EDT</pubDate></item>
<item><title>Ukraine tension to hit Eurovision?</title><guid>http://edition.cnn.com/video/data/2.0/video/international/2014/05/07/pkg-eurovision-ukraine-russia-wiwibloggs.cnn.html</guid><link>http://edition.cnn.com/video/data/2.0/video/international/2014/05/07/pkg-eurovision-ukraine-russia-wiwibloggs.cnn.html?eref=edition</link><description>Could political tensions between Ukraine and Russia spill over into the song contest?</description><pubDate>Thu, 08 May 2014 14:11:54 EDT</pubDate></item>
<item><title>Fillies fly first class for $50,000</title><guid>http://edition.cnn.com/2014/05/06/sport/worlds-most-traveled-horse/index.html</guid><link>http://edition.cnn.com/2014/05/06/sport/worlds-most-traveled-horse/index.html?eref=edition</link><description>The air miles don't accrue, there's no free holiday to aspire to at the end of it, and the flights are seemingly never ending.</description><pubDate>Thu, 08 May 2014 08:43:19 EDT</pubDate></item>
<item><title>Get girls' education out of the cross hairs</title><guid>http://edition.cnn.com/2014/05/09/opinion/lemmon-education-nigeria/index.html</guid><link>http://edition.cnn.com/2014/05/09/opinion/lemmon-education-nigeria/index.html?eref=edition</link><description>The kidnapping of girls during war isn't new, but the outrage is. What is the world willing to do about it?</description><pubDate>Sat, 10 May 2014 00:28:40 EDT</pubDate></item>
<item><title>Father: Nothing has been done</title><guid>http://edition.cnn.com/video/data/2.0/video/world/2014/05/09/nc-intv-sesay-father-speaks-out-on-kidnapped-girls.cnn.html</guid><link>http://edition.cnn.com/video/data/2.0/video/world/2014/05/09/nc-intv-sesay-father-speaks-out-on-kidnapped-girls.cnn.html?eref=edition</link><description>The heartbroken father of two girls kidnapped by Boko Haram talks to CNN's Isha Sesay.</description><pubDate>Fri, 09 May 2014 22:23:05 EDT</pubDate></item>
<item><title>Q&amp;A: Abducted girl crisis</title><guid>http://edition.cnn.com/2014/05/09/world/africa/nigeria-abducted-girls-questions/index.html</guid><link>http://edition.cnn.com/2014/05/09/world/africa/nigeria-abducted-girls-questions/index.html?eref=edition</link><description>It's been more than three weeks since militants from the dreaded Boko Haram terrorist group dragged 276 girls out of their beds at a boarding school in northern Nigeria, and still no one knows where the girls are. International assistance has begun to flow into Nigeria, whose president has vowed to end the terror threat plaguing his country.</description><pubDate>Sat, 10 May 2014 00:26:36 EDT</pubDate></item>
<item><title>Man played dead to survive massacre</title><guid>http://edition.cnn.com/2014/05/09/us/boko-haram-church-massacre-survivor/index.html</guid><link>http://edition.cnn.com/2014/05/09/us/boko-haram-church-massacre-survivor/index.html?eref=edition</link><description>Ikenna Nzeribe was the sole survivor after assassins from Boko Haram stormed his Nigerian church in 2012, just 60 miles from where the jihadists last month abducted more than 200 girls.</description><pubDate>Sat, 10 May 2014 02:43:09 EDT</pubDate></item>
<item><title>Nnaji on abductions</title><guid>http://edition.cnn.com/video/data/2.0/video/world/2014/05/09/nr-intv-foster-and-genevieve-nnaji-nigeria-girls-kidnapped.cnn.html</guid><link>http://edition.cnn.com/video/data/2.0/video/world/2014/05/09/nr-intv-foster-and-genevieve-nnaji-nigeria-girls-kidnapped.cnn.html?eref=edition</link><description>CNN's Max Foster talks to the "Julia Roberts of Nigeria," about the government's response to the kidnapped schoolgirls.</description><pubDate>Fri, 09 May 2014 22:29:11 EDT</pubDate></item>
<item><title>The world's most polluted city is...</title><guid>http://edition.cnn.com/2014/05/08/world/asia/india-pollution-who/index.html</guid><link>http://edition.cnn.com/2014/05/08/world/asia/india-pollution-who/index.html?eref=edition</link><description>Air quality in most cities that monitor their pollution levels exceed what the World Health Organization deems to be safe. Here are the world's 20 dirtiest cities. </description><pubDate>Sat, 10 May 2014 01:56:30 EDT</pubDate></item>
<item><title>Climate change is here, action needed now: White House report</title><guid>http://edition.cnn.com/2014/05/06/politics/white-house-climate-energy/index.html</guid><link>http://edition.cnn.com/2014/05/06/politics/white-house-climate-energy/index.html?eref=edition</link><description>Climate change is here and will only worsen. Get used to more flooding, wildfires and drought, depending on where you live. Cities and states across America already are spending lots of money to respond.</description><pubDate>Sat, 10 May 2014 01:57:30 EDT</pubDate></item>
<item><title>Drone, jetliner in near miss in Florida</title><guid>http://edition.cnn.com/2014/05/09/travel/unmanned-drone-danger/index.html</guid><link>http://edition.cnn.com/2014/05/09/travel/unmanned-drone-danger/index.html?eref=edition</link><description>A drone nearly collided with a commercial airliner, says U.S. aviation official.</description><pubDate>Sat, 10 May 2014 03:16:07 EDT</pubDate></item>
<item><title>Nnaji: Won't stop until girls are back</title><guid>http://edition.cnn.com/video/data/2.0/video/world/2014/05/09/nr-intv-foster-and-genevieve-nnaji-nigeria-girls-kidnapped.cnn.html</guid><link>http://edition.cnn.com/video/data/2.0/video/world/2014/05/09/nr-intv-foster-and-genevieve-nnaji-nigeria-girls-kidnapped.cnn.html?eref=edition</link><description>Nigerian superstar Genevieve Nnaji speaks out for the kidnapped girls, saying the country is united against "this inhumane act."</description><pubDate>Fri, 09 May 2014 18:40:36 EDT</pubDate></item>
<item><title>Hunting down 'fiery serpent' disease</title><guid>http://edition.cnn.com/2014/05/09/health/hunting-fiery-serpent-guinea-worm/index.html</guid><link>http://edition.cnn.com/2014/05/09/health/hunting-fiery-serpent-guinea-worm/index.html?eref=edition</link><description>The larvae grow inside you, then burst out of your leg. But Guinea worm is being beaten.</description><pubDate>Fri, 09 May 2014 13:41:21 EDT</pubDate></item>
<item><title>Scenes from the field</title><guid>http://edition.cnn.com/2013/11/05/world/gallery/scenes-from-the-field/index.html</guid><link>http://edition.cnn.com/2013/11/05/world/gallery/scenes-from-the-field/index.html?eref=edition</link><description /><pubDate>Fri, 06 Dec 2013 03:12:27 EST</pubDate></item>
<item><title>Nigeria</title><guid>http://edition.cnn.com/2014/05/09/world/africa/nigeria-abducted-girls/index.html</guid><link>http://edition.cnn.com/2014/05/09/world/africa/nigeria-abducted-girls/index.html?eref=edition</link><description>U.S. military officials arrive in Nigeria to help in the search for hundreds of girls kidnapped by Islamist militants three weeks ago.</description><pubDate>Fri, 09 May 2014 12:40:57 EDT</pubDate></item>
<item><title>Military monkeys</title><guid>http://edition.cnn.com/2014/05/08/world/asia/china-pla-monkeys/index.html</guid><link>http://edition.cnn.com/2014/05/08/world/asia/china-pla-monkeys/index.html?eref=edition</link><description>The People's Liberation Army Air Force has a new secret weapon.</description><pubDate>Fri, 09 May 2014 12:41:05 EDT</pubDate></item>
<item><title>'Serpent' disease</title><guid>http://edition.cnn.com/2014/05/09/health/hunting-fiery-serpent-guinea-worm/index.html</guid><link>http://edition.cnn.com/2014/05/09/health/hunting-fiery-serpent-guinea-worm/index.html?eref=edition</link><description>Guinea worm disease once infected millions -- now it's almost eradicated. But can we catch the final cases?</description><pubDate>Fri, 09 May 2014 12:40:02 EDT</pubDate></item>
<item><title>Glamorous Orient Express </title><guid>http://edition.cnn.com/2014/04/25/travel/can-any-train-ride-match-the-orient-express/index.html</guid><link>http://edition.cnn.com/2014/04/25/travel/can-any-train-ride-match-the-orient-express/index.html?eref=edition</link><description>In 1883, what was to become the iconic Orient Express train pulled out of Paris' Gare de l'Est on its maiden voyage to Istanbul, or Constantinople as it was known at the time.</description><pubDate>Wed, 30 Apr 2014 11:50:43 EDT</pubDate></item>
<item><title>Andy Warhol's lost art </title><guid>http://edition.cnn.com/2014/04/24/us/andy-warhol-lost-art/index.html</guid><link>http://edition.cnn.com/2014/04/24/us/andy-warhol-lost-art/index.html?eref=edition</link><description>The soup can looks familiar in an unfamiliar way, but the name at the bottom of the image is unmistakable: Andy Warhol.</description><pubDate>Fri, 25 Apr 2014 11:11:30 EDT</pubDate></item>
<item><title>Mastery of Easter eggs</title><guid>http://edition.cnn.com/2014/04/18/world/europe/the-delicate-art-of-worlds-master-easter-egg/index.html</guid><link>http://edition.cnn.com/2014/04/18/world/europe/the-delicate-art-of-worlds-master-easter-egg/index.html?eref=edition</link><description>French fashion designers don't hold a monopoly on haute. </description><pubDate>Thu, 24 Apr 2014 07:32:38 EDT</pubDate></item>
<item><title>From humble GIF to high art</title><guid>http://edition.cnn.com/2014/04/17/world/googles-new-motion-photography-prize/index.html</guid><link>http://edition.cnn.com/2014/04/17/world/googles-new-motion-photography-prize/index.html?eref=edition</link><description>When you think of GIFs, those never-ending sequences of looping motion, you're more likely to associate them with lightly humorous viral content than a respectable art form. </description><pubDate>Thu, 17 Apr 2014 12:37:32 EDT</pubDate></item>
<item><title>The world's top furniture fair</title><guid>http://edition.cnn.com/2014/04/11/world/europe/too-haute-to-handle-furniture/index.html</guid><link>http://edition.cnn.com/2014/04/11/world/europe/too-haute-to-handle-furniture/index.html?eref=edition</link><description>This year around 300,000 visitors are expected to attend the Milan's Salone del Mobile, the world's largest and most important furniture fair. </description><pubDate>Mon, 14 Apr 2014 07:02:53 EDT</pubDate></item>
<item><title>Rise of the mega-museums</title><guid>http://edition.cnn.com/2014/04/10/world/europe/british-museum-tate-modern/index.html</guid><link>http://edition.cnn.com/2014/04/10/world/europe/british-museum-tate-modern/index.html?eref=edition</link><description>From the British Museum to the Louvre, the world's leading museums house treasured artifacts and storied works of art. They may protect centuries of culture, but they don't want to be perceived as dusty relics themselves.</description><pubDate>Thu, 10 Apr 2014 15:51:38 EDT</pubDate></item>
<item><title>How to buy a great watch</title><guid>http://edition.cnn.com/2014/03/31/world/how-to-buy-your-first-grown-up-watch/index.html</guid><link>http://edition.cnn.com/2014/03/31/world/how-to-buy-your-first-grown-up-watch/index.html?eref=edition</link><description>In recent days the good and the great of the watch and jewelry industry have descended on Basel, Switzerland for Baselworld 2014—the biggest and most ballyhooed event on the industry calendar. Running until April 3, the fair is expected to attract more than 150,000 visitors, who will ogle at the latest gadgets and admire glittering new designs. </description><pubDate>Mon, 31 Mar 2014 13:40:44 EDT</pubDate></item>
<item><title>Enter into Congo's cult of elegance</title><guid>http://edition.cnn.com/2014/02/14/world/gallery/sapeurs-congo-gallery-2014/index.html</guid><link>http://edition.cnn.com/2014/02/14/world/gallery/sapeurs-congo-gallery-2014/index.html?eref=edition</link><description>Known as "Sapeurs," these dapper dressers are part of a Congolese subculture devoted to the cult of style.</description><pubDate>Sat, 22 Feb 2014 05:43:59 EST</pubDate></item>
<item><title>A one of a kind friendship</title><guid>http://edition.cnn.com/video/data/2.0/video/us/2014/02/21/pkg-ga-chicken-chihuahua-best-friends.hln.html</guid><link>http://edition.cnn.com/video/data/2.0/video/us/2014/02/21/pkg-ga-chicken-chihuahua-best-friends.hln.html?eref=edition</link><description>A two-legged chihuahua and a fluffy chicken have become best friends. </description><pubDate>Fri, 21 Feb 2014 08:18:08 EST</pubDate></item>
<item><title>I was an accomplice to my brother's suicide</title><guid>http://edition.cnn.com/2014/05/03/health/suicide-erin-schwantner-irpt/index.html</guid><link>http://edition.cnn.com/2014/05/03/health/suicide-erin-schwantner-irpt/index.html?eref=edition</link><description>"Funny, happy people do not kill themselves. It doesn't make sense." </description><pubDate>Tue, 06 May 2014 11:21:48 EDT</pubDate></item>
<item><title>Learning to talk with autism</title><guid>http://edition.cnn.com/2014/04/29/health/irpt-autism-communicating/index.html</guid><link>http://edition.cnn.com/2014/04/29/health/irpt-autism-communicating/index.html?eref=edition</link><description>Bobby Smith's mother, like all parents, looked forward to the day when her baby could use words to tell her what was wrong. What hurts? Why are you sad?</description><pubDate>Wed, 30 Apr 2014 09:41:40 EDT</pubDate></item>
<item><title>Why superheroes are good for kids</title><guid>http://edition.cnn.com/2014/04/28/living/irpt-kids-superheroes/index.html</guid><link>http://edition.cnn.com/2014/04/28/living/irpt-kids-superheroes/index.html?eref=edition</link><description>Two of my eldest son's first words were "Dada" and "Batman." (Or "Batmah," at least.)</description><pubDate>Tue, 29 Apr 2014 11:15:43 EDT</pubDate></item>
<item><title>Vintage photos: World's Fair</title><guid>http://edition.cnn.com/2014/04/24/living/1964-world-fair-nostalgia-irpt/index.html</guid><link>http://edition.cnn.com/2014/04/24/living/1964-world-fair-nostalgia-irpt/index.html?eref=edition</link><description>While digging through a box that belonged to his father, Robert Ondrovic uncovered a collection of vintage photos that brought him back to the 1964 World's Fair.</description><pubDate>Fri, 25 Apr 2014 08:32:20 EDT</pubDate></item>
<item><title>$1,000 tip for dog's surgery</title><guid>http://edition.cnn.com/2014/04/23/living/bartender-tip-dog/index.html</guid><link>http://edition.cnn.com/2014/04/23/living/bartender-tip-dog/index.html?eref=edition</link><description>Good people, not to mention good tippers, do exist. Christina Summitt knows that for sure now after what happened Saturday night.</description><pubDate>Fri, 25 Apr 2014 07:09:23 EDT</pubDate></item>
<item><title>Extreme surf photography</title><guid>http://edition.cnn.com/2014/04/09/travel/irpt-croman-wavephoto/index.html</guid><link>http://edition.cnn.com/2014/04/09/travel/irpt-croman-wavephoto/index.html?eref=edition</link><description>Kenji Croman has broken bones, dislocated his shoulder and elbow, endured concussions and nearly drowned several times. </description><pubDate>Tue, 22 Apr 2014 03:55:11 EDT</pubDate></item>
<item><title>China's secret weapon</title><guid>http://edition.cnn.com/2014/05/08/world/asia/china-pla-monkeys/index.html</guid><link>http://edition.cnn.com/2014/05/08/world/asia/china-pla-monkeys/index.html?eref=edition</link><description>The Chinese air force have a new secret weapon: monkeys.</description><pubDate>Fri, 09 May 2014 01:29:06 EDT</pubDate></item>
<item><title>South China Sea tensions rise</title><guid>http://edition.cnn.com/2014/05/08/world/asia/south-china-sea-drilling/index.html</guid><link>http://edition.cnn.com/2014/05/08/world/asia/south-china-sea-drilling/index.html?eref=edition</link><description>Tensions escalated in the South China Sea region this week after China, Vietnam and the Philippines were involved in a series of potentially explosive confrontations over disputed territory.</description><pubDate>Fri, 09 May 2014 01:15:48 EDT</pubDate></item>
<item><title>HK's biggest ever corruption trial</title><guid>http://edition.cnn.com/2014/05/07/world/asia/hong-kong-kwok-brothers-trial/index.html</guid><link>http://edition.cnn.com/2014/05/07/world/asia/hong-kong-kwok-brothers-trial/index.html?eref=edition</link><description>Two billionaire brothers who control Asia's biggest property development company have gone on trial in Hong Kong's biggest ever corruption case.</description><pubDate>Fri, 09 May 2014 01:19:51 EDT</pubDate></item>
<item><title>Journalist arrested over secrets</title><guid>http://edition.cnn.com/2014/05/08/world/asia/china-journalist-gao-yu-detained/index.html</guid><link>http://edition.cnn.com/2014/05/08/world/asia/china-journalist-gao-yu-detained/index.html?eref=edition</link><description>Prominent Chinese journalist and press freedom advocate Gao Yu has been detained for allegedly leaking state secrets, China's state-run news agency Xinhua reported Thursday. </description><pubDate>Fri, 09 May 2014 01:21:28 EDT</pubDate></item>
<item><title>Tiananmen at 25: Five activists held </title><guid>http://edition.cnn.com/2014/05/07/world/asia/china-pu-zhiqiang-detention/index.html</guid><link>http://edition.cnn.com/2014/05/07/world/asia/china-pu-zhiqiang-detention/index.html?eref=edition</link><description>Five people have been detained in Beijing after they attended a low-key event marking the 25th anniversary of the Tiananmen Square crackdown. </description><pubDate>Fri, 09 May 2014 01:20:28 EDT</pubDate></item>
<item><title>China's mental health care crisis</title><guid>http://edition.cnn.com/2014/05/06/world/asia/china-mental-health/index.html</guid><link>http://edition.cnn.com/2014/05/06/world/asia/china-mental-health/index.html?eref=edition</link><description>Wu Yuanhong, a man suffering from schizophrenia in China's southeastern Jiangxi Province, was forced by his mother to live in a small metal cage for 11 years after he beat a young boy to death. </description><pubDate>Tue, 06 May 2014 02:17:02 EDT</pubDate></item>
<item><title>SARS lessons for MERS prevention</title><guid>http://edition.cnn.com/2014/05/01/health/mers-virus-sars-lessons/index.html</guid><link>http://edition.cnn.com/2014/05/01/health/mers-virus-sars-lessons/index.html?eref=edition</link><description>Hong Kong generally gets a bad rap when it comes to infectious diseases. </description><pubDate>Tue, 06 May 2014 02:19:08 EDT</pubDate></item>
<item><title>China protects against poaching</title><guid>http://edition.cnn.com/2014/04/30/world/asia/china-wildlife-law/index.html</guid><link>http://edition.cnn.com/2014/04/30/world/asia/china-wildlife-law/index.html?eref=edition</link><description>Curbing China's appetite for wild game is just the beginning of the war against illegal poaching, say conservationists. </description><pubDate>Thu, 01 May 2014 06:22:40 EDT</pubDate></item>
</channel>
</rss>
